Airline,delay_percentage
9E,	39.76602533114183
AA ,	38.847029963203084
AS,	33.92903844477378
B6,	46.70384275618375
CO,	56.61994507055592
DL,	45.047587791270104
EV,	40.220848372225994
F9,	44.90396530359356
FL,	30.129159264416383
HA,	32.018644675510934
MQ,	34.809452260620134
OH,	27.72763262074426
OO,	45.28992716997652
UA,	32.390745501285345
US,	33.597101449275364
WN,	69.77586958138941
XE,	37.89436483968387
YV,	24.29143897996357
